category,datetime,headline,id,image,related,source,summary,url
top news,2024-04-30 20:35:56,How to save for retirement if your company doesn't offer a 401(k),7362549,https://image.cnbcfm.com/api/v1/image/107408193-1714488397929-GettyImages-2133181950.jpg?v=1714488466&w=1920&h=1080,,CNBC,"Not every employer offers a 401(k) retirement account, but there are suitable alternatives.",https://www.cnbc.com/2024/04/30/how-to-save-for-retirement-if-your-company-doesnt-offer-a-401k.html
top news,2024-04-30 20:33:00,Why natural-gas prices look set to post their first monthly gain since October,7362548,,,MarketWatch,Natural-gas futures have been among the largest commodity gainers in April — on track to post a monthly rise of around 15% as traders bet on a slowdown in U.S. production ahead of the high-demand summer cooling season.,https://www.marketwatch.com/story/why-natural-gas-prices-look-set-to-post-their-first-monthly-gain-since-october-0d2002d8
top news,2024-04-30 20:16:00,"This is the big question markets have for Fed’s Jerome Powell, BlackRock says",7362547,,,MarketWatch,The market will be listening closely on Wednesday for messaging from Federal Reserve Chairman Jerome Powell about whether interest-rate hikes may be on the table due to inflation worries.,https://www.marketwatch.com/story/this-is-the-big-question-markets-have-for-feds-jerome-powell-blackrock-says-5b9d1d73
top news,2024-04-30 19:50:00,Cannabis stocks rally after AP reports DEA will propose reclassifying drug as Schedule III,7362536,,,MarketWatch,AdvisorShares Pure U.S. Cannabis ETF jumps 28%.,https://www.marketwatch.com/story/cannabis-stocks-rally-as-ap-reports-imminent-rescheduling-proposal-by-dea-f1896fd3
top news,2024-04-30 19:44:00,The ‘Magnificent Seven’ aren’t seven. Or magnificent.,7362537,,,MarketWatch,Time and again investors discover a small group of stocks or investments that supposedly can’t fail.,https://www.marketwatch.com/story/the-magnificent-seven-arent-seven-or-magnificent-83e9ea11
top news,2024-04-30 19:44:00,Bitcoin is on pace for its worst month since November 2022. Here’s what’s driving the decline.,7362538,,,MarketWatch,"Bitcoin is on pace for its worst month in nearly a year and a half — despite the cryptocurrency’s so-called halving event on April 19, which some crypto bulls had hoped would provide a fresh catalyst for a rally.",https://www.marketwatch.com/story/bitcoin-is-on-pace-for-its-worst-month-since-november-2022-heres-whats-driving-the-decline-e168ddad
top news,2024-04-30 19:17:00,Joe Biden proposes hitting Donald Trump with a $1 billion tax bill,7362529,,,MarketWatch,The president has proposed a tax on unrealized capital gains for people worth more than $100 million. Who do we know who falls into that category?,https://www.marketwatch.com/story/joe-biden-proposes-hitting-donald-trump-with-a-1-billion-tax-bill-e9789774
top news,2024-04-30 18:49:24,"Over $1 billion in unclaimed tax refunds is set to expire in just over 2 weeks, IRS says—here’s how to claim yours",7362524,https://image.cnbcfm.com/api/v1/image/107408271-1714492966643-gettyimages-1170711782-_mg_3007-edit.jpeg?v=1714492975&w=1920&h=1080,,CNBC,The IRS says it's holding onto over $1 billion in unclaimed tax refunds. Filers have until May 17 to claim their potential portion. How to get started.,https://www.cnbc.com/2024/04/30/irs-over-1-billion-in-unclaimed-tax-refunds-set-to-expire.html
top news,2024-04-30 18:45:00,Walmart shutting down health centers and telehealth service,7362522,,,MarketWatch,"Walmart Inc. said Tuesday that it is shutting down Walmart Health, which offered primary-care, lab and other services across 51 locations, as well as its telehealth service, Walmart Health Virtual Care.",https://www.marketwatch.com/story/walmart-shutting-down-health-centers-telehealth-service-22dbe38c
top news,2024-04-30 18:28:35,Eight newspaper publishers sue OpenAI over copyright infringement,7362512,https://image.cnbcfm.com/api/v1/image/107361594-1705663400079-gettyimages-1934702395-DAVOS_WEF_2024.jpeg?v=1714493864&w=1920&h=1080,,CNBC,Eight newspaper publishers alleged that Microsoft and OpenAI used millions of their articles without payment or permission to train AI models like ChatGPT.,https://www.cnbc.com/2024/04/30/eight-newspaper-publishers-sue-openai-over-copyright-infringement.html
top news,2024-04-30 18:14:00,"Trump suggests tariffs could go higher than 10%. Why one economist is saying, ‘bonkers.’",7362509,,,MarketWatch,"Former President Donald Trump is going beyond his initial proposal of 10% tariffs on all imports, telling an interviewer that levies could climb higher if he wins the White House in November.",https://www.marketwatch.com/story/trump-suggests-tariffs-could-go-higher-than-10-why-one-economist-is-saying-bonkers-917e5d34
top news,2024-04-30 17:36:00,"‘Probably everyone is interested in pursuing FIRE,’ says this single mom who retired at 49",7362489,,,MarketWatch,"Reaching FIRE is about more than budgeting and minimalism, says author Jackie Cummings Koski.",https://www.marketwatch.com/story/probably-everyone-is-interested-in-pursuing-fire-says-this-single-mom-who-retired-at-49-51becc11
top news,2024-04-30 17:25:00,"MicroStrategy explains why bitcoin is better than stocks, bonds or gold",7362485,,,MarketWatch,"MicroStrategy Inc. is still a business-analytics software company, but executives spent a lot more time on the post-earnings call with analysts talking about bitcoin, which the company adopted as its primary treasury reserve asset in 2020.",https://www.marketwatch.com/story/microstrategy-explains-why-bitcoin-is-better-than-stocks-bonds-or-gold-fa664704
top news,2024-04-30 17:24:00,House Speaker Mike Johnson’s job looks safe as Democrats say they’ll block effort to oust him,7362486,,,MarketWatch,Top House Democrats on Tuesday said they would block an effort to remove House Speaker Mike Johnson from his post.,https://www.marketwatch.com/story/house-speaker-mike-johnsons-job-looks-safe-as-democrats-say-theyll-block-effort-to-oust-him-e987378a
top news,2024-04-30 17:00:00,"Women should get regular mammograms starting at age 40, expert panel says",7362484,,,MarketWatch,"Women should get mammograms every two years from age 40 through 74, an independent panel of disease-prevention experts said in new recommendations issued Tuesday.",https://www.marketwatch.com/story/women-should-get-regular-mammograms-starting-at-age-40-expert-panel-says-ad0502d3
top news,2024-04-30 16:51:29,We are making another buy of this retailer ahead of the coming rebound in PCs,7362483,https://image.cnbcfm.com/api/v1/image/107338583-17008299662023-11-24t113641z_1658319076_rc2nj4axm93m_rtrmadp_0_usa-holidayshopping-blackfriday-activities.jpeg?v=1700830050&w=1920&h=1080,,CNBC,We are slowly building up one of our newest positions at increasingly better share prices.,https://www.cnbc.com/2024/04/30/we-are-making-another-buy-of-this-retailer-ahead-of-the-rebound-in-pcs.html
top news,2024-04-30 16:51:00,Seven bank-stock picks as industry nears ‘positive inflections’,7362481,,,MarketWatch,Analysts at Oppenheimer expect large banks’ net interest income and investment-banking fees to rise.,https://www.marketwatch.com/story/seven-bank-stock-picks-as-industry-nears-positive-inflections-85f2e9a3
top news,2024-04-30 16:34:00,Sliding yen stirs fear of China yuan devaluation that could rock global markets,7362473,,,MarketWatch,Speculation about a potential devaluation of the Chinese yuan is intensifying as the Japanese yen falls to its weakest level against the U.S. dollar in decades.,https://www.marketwatch.com/story/sliding-yen-stirs-fear-of-china-yuan-devaluation-that-could-rock-global-markets-7fc0b91c
top news,2024-04-30 16:34:00,BBVA wants to buy Sabadell in what could be a $10 billion-plus acquisition. Here’s why.,7362474,,,MarketWatch,It was a case of déjà vu in Spain on Tuesday as Banco de Sabadell said it had been approached by bigger rival BBVA about a potential merger — more than three years after discussions between the two banks broke down.,https://www.marketwatch.com/story/bbva-wants-to-buy-sabadell-in-what-could-be-a-10-billion-plus-acquisition-heres-why-19377a74
top news,2024-04-30 16:21:17,Shares of two big online education stocks tank more than 10% as students use ChatGPT,7362475,https://image.cnbcfm.com/api/v1/image/106293606-1576182528142gettyimages-98811850.jpeg?v=1714483552&w=1920&h=1080,,CNBC,"Chegg and Coursera both sank 14% in premarket trading Tuesday, a day after issuing disappointing guidance.",https://www.cnbc.com/2024/04/30/online-education-stocks-tank-on-chatgpt-threat.html
top news,2024-04-30 16:18:00,Cocoa price plunges by nearly 30% in just two days as speculators bail out,7362467,,,MarketWatch,Futures contract’s Tuesday decline eases by morning trading hours in New York.,https://www.marketwatch.com/story/cocoa-price-plunges-by-nearly-30-in-just-two-days-as-speculators-bail-out-1850f4f8
top news,2024-04-30 16:12:00,Consumer confidence drops to 21-month low due to worries about food and gas prices,7362468,,,MarketWatch,"Consumer confidence fell in April for the third straight month and touched a 21-month low, a new survey showed, due to the high cost of food and gas and and fresh worries about the jobs market.",https://www.marketwatch.com/story/consumer-confidence-drops-to-21-month-low-due-to-worries-about-food-and-gas-prices-a70d9a8e
top news,2024-04-30 15:51:00,Chicago business-activity index weakens in April to lowest level in 17 months,7362451,,,MarketWatch,Index in negative territory for fifth straight month,https://www.marketwatch.com/story/chicago-business-activity-index-weakens-in-april-to-lowest-level-in-17-months-dce0d91f
top news,2024-04-30 15:27:00,Today is the last day of the stock market’s ‘good’ season. Should you take your profits and run for the summer?,7362421,,,MarketWatch,Stocks generally produce most of their returns during the six months of the year from Nov. 1 to April 30.,https://www.marketwatch.com/story/today-is-the-last-day-of-the-stock-markets-good-season-should-you-take-your-profits-and-run-for-the-summer-77663ed7
top news,2024-04-30 15:08:01,Jim Cramer's top 10 things to watch in the stock market Tuesday,7362425,https://image.cnbcfm.com/api/v1/image/107394493-1711655887116-gettyimages-1209567498-CALIFORNIA_VIRUS.jpeg?v=1711984285&w=1920&h=1080,,CNBC,U.S. stock futures were flat Tuesday as investors await a round of mega-cap corporate earnings.,https://www.cnbc.com/2024/04/30/jim-cramers-top-10-things-to-watch-in-the-stock-market-tuesday.html
top news,2024-04-30 15:07:00,"Home prices hit new all-time high, Case-Shiller says, ‘in the face of economic uncertainty’",7362415,,,MarketWatch,The Case-Shiller 20-city home-price index rose 6.4% year-on-year in February.,https://www.marketwatch.com/story/home-prices-hit-new-all-time-high-case-shiller-says-in-the-face-of-economic-uncertainty-98aa35cc
top news,2024-04-30 14:41:00,Burger King’s parent company to invest $300 million more to modernize restaurants,7362391,,,MarketWatch,Restaurant Brands edged past earnings expectations with its latest results on Tuesday while announcing plans to invest further in Burger King remodels.,https://www.marketwatch.com/story/burger-king-parent-to-invest-300-million-more-in-store-remodels-a488c480
top news,2024-04-30 14:41:00,"Logitech shares jump on surprise guidance, as demand stirs for computer products",7362392,,,MarketWatch,Logitech results have stirred hopes for consumer buying of computer and gaming equipment.,https://www.marketwatch.com/story/logitech-shares-jump-on-surprise-guidance-as-demand-stirs-for-computer-products-6ddfebab
top news,2024-04-30 14:37:00,"Labor costs rise at fastest pace in year and a half, ECI shows, in setback to Fed effort to tame inflation",7362393,,,MarketWatch,"The cost of labor for U.S. companies accelerated in the first quarter  at the fastest pace in a year and a half, complicating the Federal Reserve’s effort to get inflation fully under control",https://www.marketwatch.com/story/employee-costs-rise-at-fastest-pace-in-a-year-and-a-half-1a89ae02
top news,2024-04-30 14:35:00,Coca-Cola’s Q1 results beat top and bottom line estimates boosted by ‘dynamic backdrop’,7362394,,,MarketWatch,"The Coca-Cola Co. reported better-than-expected first-quarter results before market open Tuesday, boosted by what the beverage giant described as “a dynamic backdrop.”",https://www.marketwatch.com/story/coca-colas-q1-results-beat-top-and-bottom-line-estimates-boosted-by-dynamic-backdrop-b0601cd2
top news,2024-04-30 14:30:02,Young Americans' wealth grew by nearly 50% over the last 4 years—it's not just from buying homes,7362395,https://image.cnbcfm.com/api/v1/image/107406605-1714074912797-gettyimages-1318887659-hts116.jpeg?v=1714074926&w=1920&h=1080,,CNBC,Millennials in particular have seen significant wealth gains across asset classes over the last four years.,https://www.cnbc.com/2024/04/30/young-americans-wealth-grew-by-nearly-50-percent-over-the-last-four-years.html
top news,2024-04-30 14:22:00,"Eli Lilly’s stock jumps as first-quarter profit tops estimates amid strong sales of Mounjaro, Zepbound",7362386,,,MarketWatch,Eli Lilly shares popped early Tuesday after the drugmaker reported first-quarter profit that topped estimates amid strong demand for diabetes and weight-loss drugs.,https://www.marketwatch.com/story/eli-lillys-stock-jumps-as-first-quarter-profit-tops-estimates-amid-strong-sales-of-mounjaro-zepbound-08da33a1
top news,2024-04-30 14:16:00,Goldman Sachs in talks with Barclays to take over GM credit card business: WSJ,7362387,,,MarketWatch,"General Motors credit-card program has $2B in outstanding balances, with deal possible this summer",https://www.marketwatch.com/story/goldman-sachs-in-talks-with-barclays-to-take-over-gm-credit-card-business-wsj-c5c8b9b2
top news,2024-04-30 14:11:00,McDonald’s stock drops premarket after first profit miss in more than 2 years,7362384,,,MarketWatch,"McDonald’s said Tuesday its value message resonated with customers, but its shares were headed lower premarket after the company came up shy on profit for the latest quarter.",https://www.marketwatch.com/story/mcdonalds-stock-drops-as-profit-comes-up-short-85d55390
top news,2024-04-30 13:55:00,"3M’s stock surges toward a 14-month high after profit, sales beat expectations",7362381,,,MarketWatch,"The consumer, industrial and healthcare-products company reported first-quarter profit and revenue that beat expectations.",https://www.marketwatch.com/story/3ms-stock-surges-toward-a-14-month-high-after-profit-sales-beat-expectations-78b0c72e
top news,2024-04-30 13:45:01,People told this startup founder she was making a huge mistake—then she sold her company for $845 million,7362383,https://image.cnbcfm.com/api/v1/image/107406586-1714073640174-gettyimages-1138957764-kam_7405_2019032853416402.jpeg?v=1714073669&w=1920&h=1080,,CNBC,Drunk Elephant founder Tiffany Masterson says one of her early business decisions drew intense criticism from family and friends. Here's why she stuck with it.,https://www.cnbc.com/2024/04/30/drunk-elephant-founder-tiffany-masterson-when-to-trust-your-gut.html
top news,2024-04-30 13:44:00,Molson Coors profit nearly triples and beats analysts’ estimate,7362382,,,MarketWatch,Beer maker cites strong volume in the Americas,https://www.marketwatch.com/story/molson-coors-profit-nearly-triples-and-beats-analysts-estimate-eca4965e
top news,2024-04-30 13:38:00,Oil prices consolidate after slumping on Israel-Hamas cease-fire talks,7362361,,,MarketWatch,Oil futures edged higher early Tuesday.,https://www.marketwatch.com/story/oil-prices-consolidate-after-slumping-on-israel-hamas-cease-fire-talks-dc453da4
top news,2024-04-30 13:33:00,PayPal boosts its earnings forecast as cost savings are paying off,7362362,,,MarketWatch,"PayPal’s earnings look a bit different this time around, but they still reflect the company’s efforts to cut costs from its business.",https://www.marketwatch.com/story/paypal-boosts-its-earnings-forecast-as-cost-savings-are-paying-off-23402710
top news,2024-04-30 13:30:00,My wife and I have argued about a lot of things in our 34 years of marriage — but never about money,7362363,,,MarketWatch,Having separate bank accounts goes against the idea of thinking for two rather than as individuals.,https://www.marketwatch.com/story/my-wife-and-i-have-argued-about-a-lot-of-things-in-our-34-years-of-marriage-but-never-about-money-c6327944
top news,2024-04-30 13:30:00,‘Sell in May and go away?’ This year the calendar ‘trick’ overlaps with a Biden-Trump rematch.,7362364,,,MarketWatch,The ‘winter months’ have been especially good to the stock market this year. Is it time to pull the plug?,https://www.marketwatch.com/story/sell-in-may-and-go-away-this-year-the-calendar-trick-overlaps-with-a-biden-trump-rematch-2fb97dbe
top news,2024-04-30 13:16:00,"‘I live in a slum’: My ex-husband knocked down, then rebuilt my home and left it in foreclosure. Now he refuses to pay alimony.",7362359,,,MarketWatch,“He woke one morning and announced he was done.”,https://www.marketwatch.com/story/i-live-in-a-slum-my-ex-husband-knocked-down-then-rebuilt-my-home-and-left-it-in-foreclosure-now-he-refuses-to-pay-alimony-dd18b330
top news,2024-04-30 13:11:00,GE HealthCare Technologies’ stock falls after it misses profit estimate,7362346,,,MarketWatch,Revenue falls 1% as ultrasound and patient care units business drops,https://www.marketwatch.com/story/ge-healthcare-technologies-stock-falls-after-it-misses-profit-estimate-1df9d030
top news,2024-04-30 13:05:00,Americans are down on the economy — but there are good reasons to be optimistic,7362347,,,MarketWatch,Biden unfairly gets poor marks for handling of the U.S. economy — which is improving.,https://www.marketwatch.com/story/americans-are-down-on-the-economy-but-there-are-good-reasons-to-be-optimistic-2900f13b
top news,2024-04-30 12:42:04,'An intense five years': Read HSBC CEO Noel Quinn's surprise resignation statement,7362336,https://image.cnbcfm.com/api/v1/image/107407991-1714471860028-gettyimages-2139242382-HK_HSBC_SUMMIT.jpeg?v=1714471871&w=1920&h=1080,,CNBC,"HSBC CEO Noel Quinn said it is ""now the right time for me to get a better balance between my personal and business life.""",https://www.cnbc.com/2024/04/30/read-hsbc-ceo-noel-quinns-surprise-resignation-statement.html
top news,2024-04-30 12:27:00,"Why T-bill and chill is here to stay, these strategists say",7362330,,,MarketWatch,Barclays analysts say rising budget deficits change several key assumptions underpinning the fixed-income market.,https://www.marketwatch.com/story/why-t-bill-and-chill-is-here-to-stay-these-strategists-say-484d5c9f
top news,2024-04-30 12:23:00,"Europe’s automakers off to a weak start for 2024, with EV sales a problem for some",7362331,,,MarketWatch,"Mercedes-Benz, Volkwagen and Stellantis shares all fell Tuesday after the Europe automakers showed 2024 was off to a slow start.",https://www.marketwatch.com/story/europes-automakers-off-to-a-weak-start-for-2024-with-ev-sales-a-problem-for-some-d1440d25
top news,2024-04-30 12:00:00,Cats vs. dogs: Today’s economy is tipping the scales in the great debate over which pet is better,7362319,,,MarketWatch,"Four years after “pandemic pets” offered lockdown companionship and drained shelters of cats and dogs, data suggest that more economical cats are gaining on dogs.",https://www.marketwatch.com/story/cats-vs-dogs-todays-economy-is-tipping-the-scales-in-the-great-debate-over-which-pet-is-better-1e275bb4
top news,2024-04-30 11:46:00,"As India heads to the polls, investors are looking to profit from Modi’s policies",7362317,,,MarketWatch,Narendra Modi’s government has invested heavily in public infrastructure via polices that have boosted India’s growth,https://www.marketwatch.com/story/as-india-heads-to-the-polls-investors-are-looking-to-profit-from-modis-policies-cbbf84cf
top news,2024-04-30 11:04:00,The 10 most expensive cars to maintain,7362299,,,MarketWatch,"Over 10 years, buying one car brand can cost you almost five times as much in maintenance fees as another.",https://www.marketwatch.com/story/the-10-most-expensive-cars-to-maintain-a898394c
top news,2024-04-30 11:02:00,"Check out Colin Kaepernick’s pristine Tribeca condo, listed for $3.45 million",7362300,,,MarketWatch,"The athlete and activist, formerly of the San Francisco 49ers, picked up the condo in 2017.",https://www.marketwatch.com/story/check-out-colin-kaepernicks-pristine-tribeca-condo-listed-for-3-45-million-c191a00c
top news,2024-04-30 11:01:00,"Battery replacement is rare for electrified cars, study finds",7362301,,,MarketWatch,"Just 1.5% of electric vehicles and plug-in hybrid vehicles have needed their batteries replaced since 2011, according to a new study.",https://www.marketwatch.com/story/battery-replacement-is-rare-for-electrified-cars-study-finds-ef086d2c
top news,2024-04-30 10:39:00,Treasury yields little changed as Fed policy update looms,7362293,,,MarketWatch,"Bond yields were steady early Tuesday, holding near multi-month highs on expectations the Fed will confirm its keeping interest rates higher for longer.",https://www.marketwatch.com/story/treasury-yields-little-changed-as-fed-policy-update-looms-640dcb45
top news,2024-04-30 08:28:00,HSBC says chief executive to retire after ‘intense’ five years,7362253,,,MarketWatch,"HSBC on Tuesday said its chief executive, Noel Quinn, will retire after nearly five years at the helm.",https://www.marketwatch.com/story/hsbc-says-chief-executive-to-retire-after-intense-five-years-e41fabbe
top news,2024-04-30 08:00:00,Why global gold demand marked its best first quarter in 8 years,7362243,,,MarketWatch,"Gold demand marked its strongest first quarter in eight years, buoyed by “healthy investment” from the over-the-counter market as well as central bank purchases, which saw their best start to any year on record, according to a report from the World Gold Council released Tuesday.",https://www.marketwatch.com/story/why-global-gold-demand-marked-its-best-first-quarter-in-8-years-86c0f0df
top news,2024-04-30 03:59:00,China Vanke posts first-quarter loss amid slump in property sector,7362208,,,MarketWatch,China Vanke posted a first-quarter loss as earnings were weighed by the ongoing slump in China’s property sector.,https://www.marketwatch.com/story/china-vanke-posts-first-quarter-of-losses-amid-property-woes-31d01066
top news,2024-04-30 02:32:09,"Cramer's bullish on Alphabet after earnings, would buy on a pullback",7362313,https://image.cnbcfm.com/api/v1/image/107364674-1706212634485-gettyimages-1252095652-Alphabet_Google.jpeg?v=1714418271&w=1920&h=1080,,CNBC,"CNBC's Jim Cramer told investors he's pleased with Google parent Alphabet's most recent quarter, lauding the company's proof of profitability.",https://www.cnbc.com/2024/04/29/cramers-bullish-on-alphabet-after-earnings-would-buy-on-a-pullback.html
top news,2024-04-30 00:58:00,"Pfizer, Genmab get full FDA approval for cervical-cancer drug",7362189,,,MarketWatch,Pfizer and Genmab on Monday said they had received full approval from U.S. regulators for their treatment for certain forms of cervical cancer.,https://www.marketwatch.com/story/pfizer-genmab-get-full-fda-approval-for-cervical-cancer-drug-ba47a70d
top news,2024-04-30 00:33:14,Cramer says Apple's Monday rally doesn't have 'staying power' after analyst upgrade,7362185,https://image.cnbcfm.com/api/v1/image/106022227-1563303156764img_1057r.jpg?v=1698446810&w=1920&h=1080,,CNBC,CNBC's Jim Cramer told investors he's wary of Apple's Monday rally and they should wait to buy.,https://www.cnbc.com/2024/04/29/cramer-says-apples-monday-rally-doesnt-have-staying-power-.html
business,2024-04-30 00:22:04,"Judge rejects J&J, Bristol Myers Squibb challenges to Medicare drug price negotiations",7362184,https://image.cnbcfm.com/api/v1/image/107398685-1712674574391-gettyimages-1593997320-raa-johnsonj230812_npA3P.jpeg?v=1714427697&w=1920&h=1080,,CNBC,The decision is another win for the Biden administration in a bitter legal fight with several drugmakers over the constitutionality of the price talks.,https://www.cnbc.com/2024/04/29/jj-bristol-myers-squibb-lose-medicare-drug-price-talks-challenges.html
top news,2024-04-30 00:12:00,Peacock raising prices by $2 a month ahead of Summer Olympics,7362183,,,MarketWatch,"Peacock is raising prices again, a year after its last price hike and just in time for the Summer Olympics.",https://www.marketwatch.com/story/peacock-raising-prices-by-2-a-month-ahead-of-summer-olympics-b8a37dbc
top news,2024-04-29 23:08:00,AT&T’s stock is misunderstood. Here are five reasons Barclays says it can soar.,7362165,,,MarketWatch,"AT&T’s decisions in recent years look better than those made by rivals, according to Barclays.",https://www.marketwatch.com/story/at-ts-stock-is-misunderstood-here-are-five-reasons-barclays-says-it-can-soar-41c110ac
top news,2024-04-29 23:06:00,"Coursera, Chegg stocks fall after weaker guidance for both edtech companies",7362166,,,MarketWatch,"Shares of Coursera Inc. and Chegg Inc. fell in the after-hours session Monday after both education-tech companies guided for weaker current quarters, and Chegg also announced a CEO change.",https://www.marketwatch.com/story/coursera-chegg-stocks-fall-after-weaker-guidance-for-both-edtech-companies-a77adfe2
top news,2024-04-29 23:04:00,"Paramount’s Bakish is stepping down, and new CEO office aims to ‘materially streamline operations’",7362167,,,MarketWatch,Media and entertainment giant Paramount Global on Monday said that Chief Executive Bob Bakish was stepping down and would be replaced by a three-person office intended to help “materially streamline operations.”,https://www.marketwatch.com/story/paramounts-bakish-is-stepping-down-and-new-ceo-office-aims-to-materially-streamline-operations-18c641af
top news,2024-04-29 22:44:00,AMD’s AI story has lost some shine. Can earnings brighten the picture?,7362163,,,MarketWatch,"The past few months haven’t been so easy on the Nvidia Corp. wannabes, and AMD will look to reset that narrative when it reports earnings Tuesday afternoon.",https://www.marketwatch.com/story/amds-ai-story-has-lost-some-shine-can-earnings-brighten-the-picture-8c5895c3
top news,2024-04-29 22:24:00,"Guns, transgender rights, mail-in voting: The political issues Trump and Biden voters care about most when deciding where to live",7362148,,,MarketWatch,It’s not just about good schools and affordable homes — voters this election year say they are considering hot-button issues including abortion rights and gun control when deciding where they want to live.,https://www.marketwatch.com/story/guns-transgender-rights-mail-in-voting-the-political-issues-trump-and-biden-voters-care-about-most-when-deciding-where-to-live-29fe725f
top news,2024-04-29 22:14:09,A longtime Apple skeptic warms up to the stock. Why we're not cheering the call just yet,7362153,https://image.cnbcfm.com/api/v1/image/107375512-1708434169349-gettyimages-2016313296-cfoto-theeurop240220_npnYU.jpeg?v=1714404969&w=1920&h=1080,,CNBC,Apple shares jumped Monday after an analyst who has been on the sidelines for years upgraded the stock to a buy-equivalent rating.,https://www.cnbc.com/2024/04/29/longtime-apple-skeptic-warms-up-to-stock-why-were-not-cheering-the-call-yet.html
top news,2024-04-29 22:02:00,"The battle between athleisure and wider-leg pants is here. That means more trouble for Lululemon, analyst says.",7362137,,,MarketWatch,"After the skinny jean’s nearly two-decade reign, retailers and clothing makers say looser fits are getting more popular.",https://www.marketwatch.com/story/the-battle-between-athleisure-and-wider-leg-pants-is-here-that-means-more-trouble-for-lululemon-analyst-says-107abe39
top news,2024-04-29 21:16:00,Boeing scores $10 billion bond financing in ‘much-needed’ liquidity boost,7362124,,,MarketWatch,"Fresh off reporting a more than $300 million quarterly loss, Boeing Co. saw robust demand on Monday for its $10 billion corporate-bond deal.",https://www.marketwatch.com/story/boeing-scores-10-billion-bond-financing-in-much-needed-liquidity-boost-9df60ae0
top news,2024-04-29 21:01:00,AMC’s stock on pace for biggest decline in a month after preliminary first-quarter results,7362118,,,MarketWatch,"Shares of AMC Entertainment Holdings Inc. are down 11.6% Monday, putting the stock on pace for its biggest decline since April 1, when it fell 15.6%.",https://www.marketwatch.com/story/amcs-stock-on-pace-for-biggest-decline-in-a-month-after-preliminary-first-quarter-results-6f2f98e0
top news,2024-04-29 21:00:00,Treasury Department raises its second-quarter borrowing estimate,7362119,,,MarketWatch,"The Treasury Department said Monday it expects to borrow $243 billion in the second quarter, which is $41 billion higher than previously estimated.",https://www.marketwatch.com/story/treasury-raises-its-second-quarter-borrowing-estimate-2f47feda
top news,2024-04-29 20:59:00,"Trump Media’s fight turns to legal short selling, as ‘DJT’ shares rise again",7362120,,,MarketWatch,"Shares of Trump Media and Technology Group Corp. rallied again Monday, and have now more than doubled over roughly two weeks, after the latest assault by the parent of Donald Trump’s social-media platform Truth Social against short selling — this time of the legal variety.",https://www.marketwatch.com/story/trump-medias-fight-turns-to-legal-short-selling-as-djt-shares-rise-again-28cd82ee
top news,2024-04-29 20:53:00,"Strong U.S. dollar could weigh on the global economy. Here’s why that hasn’t happened yet, according to Capital Economics.",7362115,,,MarketWatch,"The surging U.S. dollar is once again sending shivers through global financial markets, but the consequences of a strong greenback could be exaggerated, according to Capital Economics.",https://www.marketwatch.com/story/strong-u-s-dollar-could-weigh-on-the-global-economy-heres-why-that-hasnt-happened-yet-according-to-capital-economics-653b30f6
top news,2024-04-29 20:35:00,Ford’s ‘hands-free’ driver-assistance system under investigation,7362113,,,MarketWatch,"U.S. highway-safety regulators have opened an investigation into two accidents allegedly involving Ford Motor Co.’s BlueCruise advanced driver-assistance features, in which two Mustang Mach-Es collided with stationary vehicles in incidents that left three people dead.",https://www.marketwatch.com/story/fords-hands-free-driver-assistance-system-under-investigation-6d6926b9
top news,2024-04-29 20:33:02,Two 2024 tech laggards are driving the stock market higher Monday — here's why,7362140,https://image.cnbcfm.com/api/v1/image/107392021-1711354370534-gettyimages-2100351730-AFP_34M76UW.jpeg?v=1711354455&w=1920&h=1080,,CNBC,"Every weekday, the Investing Club releases the Homestretch; an actionable afternoon update just in time for the last hour of trading.",https://www.cnbc.com/2024/04/29/two-2024-tech-laggards-are-driving-the-market-up-monday-heres-why.html
top news,2024-04-29 19:35:00,What you don’t know will hurt your portfolio,7362104,,,MarketWatch,The depressing state of knowledge about retirement planning,https://www.marketwatch.com/story/what-you-dont-know-will-hurt-your-portfolio-b41e3392
top news,2024-04-29 19:01:00,Would combining will-writing with the mortgage process help?,7362097,,,MarketWatch,"No, but here’s what we learned",https://www.marketwatch.com/story/would-combining-will-writing-with-the-mortgage-process-help-95f93366
top news,2024-04-29 19:01:00,"After being neutral on Apple’s stock since 2018, here’s why one analyst changed his tune",7362098,,,MarketWatch,"An analyst who had spent more than six years on the sidelines on Apple Inc.’s stock just changed his tune, joining the bull camp in a note titled “Buy the fear.”",https://www.marketwatch.com/story/after-being-neutral-on-apples-stock-since-2018-heres-why-one-analyst-changed-his-tune-a2a67732
top news,2024-04-29 18:38:00,War of words over Norfolk Southern’s board battle intensifies as railroad slams activist Ancora’s labor negotiation,7362088,,,MarketWatch,The war of words in the board battle between Norfolk Southern Corp. and Ancora Holdings Group intensified Monday after the activist investor clinched the support of the Brotherhood of Locomotive Engineers and Trainmen Division of the International Brotherhood of Teamsters.,https://www.marketwatch.com/story/war-of-words-over-norfolk-southerns-board-battle-intensifies-as-railroad-slams-activist-ancoras-labor-negotiation-32fed28e
top news,2024-04-29 18:15:04,We're booking profits in our largest position. Our discipline calls for another sale,7362087,https://image.cnbcfm.com/api/v1/image/107234253-1683053734953-gettyimages-1252540569-AFP_33EA8N2.jpeg?v=1714405322&w=1920&h=1080,,CNBC,The trade will decrease the stock's weighting in the portfolio to roughly 4.0% from 5.08%.,https://www.cnbc.com/2024/04/29/were-booking-profits-in-our-largest-position-our-discipline-calls-for-another-sale.html
top news,2024-04-29 18:09:00,Corporate bonds signal ‘clear skies’ for U.S. economy as stocks extend rally,7362083,,,MarketWatch,The corporate bond market appears bullish on the U.S. economy.,https://www.marketwatch.com/story/corporate-bonds-signal-clear-skies-for-u-s-economy-as-stocks-extend-rally-dab8a5a1
top news,2024-04-29 17:33:00,Amazon’s biggest earnings question mark has nothing to do with its results,7362070,,,MarketWatch,Amazon reports first-quarter results on Tuesday afternoon.,https://www.marketwatch.com/story/amazons-biggest-earnings-question-mark-has-nothing-to-do-with-its-results-e8b5686c
top news,2024-04-29 17:28:18,Jim Cramer says investors who don't own any Alphabet could buy at these levels,7362069,https://image.cnbcfm.com/api/v1/image/107392157-1711371923684-gettyimages-2104088942-AA_25032024_1595515.jpeg?v=1714403609&w=1920&h=1080,,CNBC,"The Investing Club holds its ""Morning Meeting"" every weekday at 10:20 a.m. ET.",https://www.cnbc.com/2024/04/29/cramer-investors-who-dont-own-any-alphabet-could-buy-at-these-levels.html
top news,2024-04-29 16:25:00,Here are the most efficient companies within the S&P 500’s bargain-stock sector,7362044,,,MarketWatch,"The energy sector still appears to be remarkably cheap, despite outperforming all other stock sectors over the past three years.",https://www.marketwatch.com/story/here-are-the-most-efficient-companies-within-the-s-p-500s-bargain-stock-sector-921e7263
top news,2024-04-29 16:21:00,Deutsche Bank shares slip after lender sets aside $1.4 billion to settle Postbank lawsuit,7362045,,,MarketWatch,Deutsche Bank shares fell 8% on Monday after the German lender warned it could be forced to pay out up to €1.3 billion ($1.4 billion) to settle a lawsuit over claims it underpaid Postbank’s shareholders during its takeover of the lender in 2012.,https://www.marketwatch.com/story/deutsche-bank-shares-slip-after-lender-sets-aside-1-4-billion-to-settle-postbank-lawsuit-1bde3276
top news,2024-04-29 15:57:00,Fulton Financial rallies on plan to buy Republic First Bank — the first U.S. bank failure of 2024,7362030,,,MarketWatch,Stock is upgraded to buy from neutral by Janney on expected boost from the purchase.,https://www.marketwatch.com/story/fulton-financial-rallies-on-plan-to-buy-republic-first-bank-the-first-u-s-bank-failure-of-2024-5254665a
top news,2024-04-29 15:55:12,Richard Branson says this decision helped build his $2.5B net worth: 'I don't think I would have gone to space' otherwise,7362047,https://image.cnbcfm.com/api/v1/image/106312054-1577326733824gettyimages-153269375.jpeg?v=1713904626&w=1920&h=1080,,CNBC,"Billionaire Richard Branson discusses one of the most difficult decisions of his career, selling Virgin Record in 1992 to focus on growing Virgin Atlantic.",https://www.cnbc.com/2024/04/29/richard-branson-tough-business-decision-helped-me-build-virgin-group.html
top news,2024-04-29 15:42:00,"The latest evidence Nvidia’s stock is a ‘no brainer,’ according to this analyst",7362017,,,MarketWatch,A Melius Research analyst sees more than 25% upside for Nvidia shares as other major cloud companies increase their spending outlooks,https://www.marketwatch.com/story/the-latest-evidence-nvidias-stock-is-a-no-brainer-according-to-this-analyst-d4e9a88f
top news,2024-04-29 15:40:00,"Mullen EV truck’s net cost can be as low as $16,000 after HVIP approval",7362018,,,MarketWatch,"Mullen Automotive’s stock soared Monday after the electric vehicle maker said its Mullen Three truck received HVIP approval, which combined with the federal tax credit could lower the cost of the truck to as low as $16,000.",https://www.marketwatch.com/story/mullen-ev-trucks-net-cost-can-be-as-low-as-16-000-after-hvip-approval-2f23921f
top news,2024-04-29 15:37:42,Jim Cramer's top 10 things to watch in the stock market Monday,7362034,https://image.cnbcfm.com/api/v1/image/107391128-1711049940032-gettyimages-2102468598-dsc01999copy_wv7dczzs.jpeg?v=1711050222&w=1920&h=1080,,CNBC,Wall Street are higher Monday after the S&amp;P 500 and Nasdaq broke multiweek losing streaks. The Dow saw back to back weekly wins.,https://www.cnbc.com/2024/04/29/jim-cramers-top-10-things-to-watch-in-the-stock-market-monday.html
top news,2024-04-29 15:20:00,"AMC debt extension would be ‘key’ as company looks to clean up balance sheet, says Wedbush",7362014,,,MarketWatch,"AMC Entertainment Holdings Inc., which reported preliminary first-quarter results late Friday, could be poised for an important move to deal with the company’s debt burden.",https://www.marketwatch.com/story/amc-debt-extension-would-be-key-as-company-looks-to-clean-up-balance-sheet-says-wedbush-2e064005
top news,2024-04-29 15:10:01,"10 in-demand remote jobs companies are hiring for right now—many pay over $100,000",7362006,https://image.cnbcfm.com/api/v1/image/107407024-1714147370251-gettyimages-1358132468-miniseries20211028__n8a5877_r14.jpeg?v=1714147555&w=1920&h=1080,,CNBC,Indeed reports a 40% increase in remote job openings between March 2023 and March 2024.,https://www.cnbc.com/2024/04/29/the-most-in-demand-remote-jobs-companies-are-hiring-for-right-now.html
top news,2024-04-29 14:45:00,Regional bank UMB Financial buying Heartland Financial in $2 bln all-stock deal,7362003,,,MarketWatch,Heartland Financial’s stock jumps 16% in premarket trading,https://www.marketwatch.com/story/regional-bank-umb-financial-buying-heartland-financial-in-2b-all-stock-deal-cf5d0c38
top news,2024-04-29 13:47:00,"Viking upsizes IPO, as more shareholders look to sell stock",7361976,,,MarketWatch,"Viking Holdings has increased the size of its initial public offering, but the new shares being offered are all coming from selling shareholders",https://www.marketwatch.com/story/viking-upsizes-ipo-as-more-shareholders-look-to-sell-stock-5a621cd0
top news,2024-04-29 13:40:00,Deciphera to be acquired by Japan’s Ono in all-cash deal valued at $2.4 billion,7361962,,,MarketWatch,"Deciphera specializes in kinase drug discovery, where kinases are enyzmes that help regulate cellular function.",https://www.marketwatch.com/story/deciphera-to-be-acquired-by-japans-ono-in-all-cash-deal-valued-at-2-4-billion-1b53751c
top news,2024-04-29 13:31:00,Cannabis company MedMen files for bankruptcy with about $411M in liabilities as it fortunes go up in smoke,7361963,,,MarketWatch,Former high-flying cannabis company MedMen Enterprises Inc. filed for bankruptcy protection late Friday with about C$561.5 million ($411 million) in liabilities.,https://www.marketwatch.com/story/cannabis-company-medmen-files-for-bankruptcy-with-about-411m-in-liabilities-as-it-fortunes-go-up-in-smoke-72a9bfae
top news,2024-04-29 13:24:00,"SoFi rides surge in home-loan originations to a profit beat, and its stock gains",7361957,,,MarketWatch,SoFi on Monday reported a profit beat for the latest quarter while boosting its full-year outlook.,https://www.marketwatch.com/story/sofi-rides-surge-in-home-loan-originations-to-a-profit-beat-and-its-stock-gains-dedb30ca
top news,2024-04-29 13:12:00,Domino’s Pizza stock jumps 4.6% after earnings sweep past estimates and company backs long-term guidance,7361949,,,MarketWatch,Pizza chain is backing its long-term guidance for global retail sales growth of 7% from 2004 to 2008.,https://www.marketwatch.com/story/dominos-pizzas-stock-jumps-3-6-after-earnings-sweep-past-estimates-acd991db
top news,2024-04-29 13:11:12,Scottish First Minister Humza Yousaf resigns after ending his power-sharing agreement,7361952,https://image.cnbcfm.com/api/v1/image/107406933-1714140588859-gettyimages-2150302892-102a2724_jklxxqta.jpeg?v=1714140637&w=1920&h=1080,,CNBC,Scottish First Minister Humza Yousaf resigned Monday after the collapse of his power-sharing agreement with the country's Green Party.,https://www.cnbc.com/2024/04/29/scottish-first-minister-humza-yousaf-resigns.html
top news,2024-04-29 13:11:00,The U.S. economy and stocks have likely dodged a recession: El-Erian,7361950,,,MarketWatch,The U.S. is the sole major engine of global growth in an increasingly less-stable world.,https://www.marketwatch.com/story/the-u-s-economy-and-stocks-have-likely-dodged-a-recession-el-erian-24bd9285
